Value,Description,DTLS,Recommended
0,TLS_NULL_WITH_NULL_NULL,DTLS : Yes,Recommended : No
1,TLS_RSA_WITH_NULL_MD5,DTLS : Yes,Recommended : No
2,TLS_RSA_WITH_NULL_SHA,DTLS : Yes,Recommended : No
3,TLS_RSA_EXPORT_WITH_RC4_40_MD5,DTLS : No,Recommended : No
4,TLS_RSA_WITH_RC4_128_MD5,DTLS : No,Recommended : No
5,TLS_RSA_WITH_RC4_128_SHA,DTLS : No,Recommended : No
6,TLS_RSA_EXPORT_WITH_RC2_CBC_40_MD5,DTLS : Yes,Recommended : No
7,TLS_RSA_WITH_IDEA_CBC_SHA,DTLS : Yes,Recommended : No
8,TLS_RSA_EXPORT_WITH_DES40_CBC_SHA,DTLS : Yes,Recommended : No
9,TLS_RSA_WITH_DES_CBC_SHA,DTLS : Yes,Recommended : No
10,TLS_RSA_WITH_3DES_EDE_CBC_SHA,DTLS : Yes,Recommended : No
11,TLS_DH_DSS_EXPORT_WITH_DES40_CBC_SHA,DTLS : Yes,Recommended : No
12,TLS_DH_DSS_WITH_DES_CBC_SHA,DTLS : Yes,Recommended : No
13,TLS_DH_DSS_WITH_3DES_EDE_CBC_SHA,DTLS : Yes,Recommended : No
14,TLS_DH_RSA_EXPORT_WITH_DES40_CBC_SHA,DTLS : Yes,Recommended : No
15,TLS_DH_RSA_WITH_DES_CBC_SHA,DTLS : Yes,Recommended : No
16,TLS_DH_RSA_WITH_3DES_EDE_CBC_SHA,DTLS : Yes,Recommended : No
17,TLS_DHE_DSS_EXPORT_WITH_DES40_CBC_SHA,DTLS : Yes,Recommended : No
18,TLS_DHE_DSS_WITH_DES_CBC_SHA,DTLS : Yes,Recommended : No
19,TLS_DHE_DSS_WITH_3DES_EDE_CBC_SHA,DTLS : Yes,Recommended : No
20,TLS_DHE_RSA_EXPORT_WITH_DES40_CBC_SHA,DTLS : Yes,Recommended : No
21,TLS_DHE_RSA_WITH_DES_CBC_SHA,DTLS : Yes,Recommended : No
22,TLS_DHE_RSA_WITH_3DES_EDE_CBC_SHA,DTLS : Yes,Recommended : No
23,TLS_DH_anon_EXPORT_WITH_RC4_40_MD5,DTLS : No,Recommended : No
24,TLS_DH_anon_WITH_RC4_128_MD5,DTLS : No,Recommended : No
25,TLS_DH_anon_EXPORT_WITH_DES40_CBC_SHA,DTLS : Yes,Recommended : No
26,TLS_DH_anon_WITH_DES_CBC_SHA,DTLS : Yes,Recommended : No
27,TLS_DH_anon_WITH_3DES_EDE_CBC_SHA,DTLS : Yes,Recommended : No
30,TLS_KRB5_WITH_DES_CBC_SHA,DTLS : Yes,Recommended : No
31,TLS_KRB5_WITH_3DES_EDE_CBC_SHA,DTLS : Yes,Recommended : No
32,TLS_KRB5_WITH_RC4_128_SHA,DTLS : No,Recommended : No
33,TLS_KRB5_WITH_IDEA_CBC_SHA,DTLS : Yes,Recommended : No
34,TLS_KRB5_WITH_DES_CBC_MD5,DTLS : Yes,Recommended : No
35,TLS_KRB5_WITH_3DES_EDE_CBC_MD5,DTLS : Yes,Recommended : No
36,TLS_KRB5_WITH_RC4_128_MD5,DTLS : No,Recommended : No
37,TLS_KRB5_WITH_IDEA_CBC_MD5,DTLS : Yes,Recommended : No
38,TLS_KRB5_EXPORT_WITH_DES_CBC_40_SHA,DTLS : Yes,Recommended : No
39,TLS_KRB5_EXPORT_WITH_RC2_CBC_40_SHA,DTLS : Yes,Recommended : No
40,TLS_KRB5_EXPORT_WITH_RC4_40_SHA,DTLS : No,Recommended : No
41,TLS_KRB5_EXPORT_WITH_DES_CBC_40_MD5,DTLS : Yes,Recommended : No
42,TLS_KRB5_EXPORT_WITH_RC2_CBC_40_MD5,DTLS : Yes,Recommended : No
43,TLS_KRB5_EXPORT_WITH_RC4_40_MD5,DTLS : No,Recommended : No
44,TLS_PSK_WITH_NULL_SHA,DTLS : Yes,Recommended : No
45,TLS_DHE_PSK_WITH_NULL_SHA,DTLS : Yes,Recommended : No
46,TLS_RSA_PSK_WITH_NULL_SHA,DTLS : Yes,Recommended : No
47,TLS_RSA_WITH_AES_128_CBC_SHA,DTLS : Yes,Recommended : No
48,TLS_DH_DSS_WITH_AES_128_CBC_SHA,DTLS : Yes,Recommended : No
49,TLS_DH_RSA_WITH_AES_128_CBC_SHA,DTLS : Yes,Recommended : No
50,TLS_DHE_DSS_WITH_AES_128_CBC_SHA,DTLS : Yes,Recommended : No
51,TLS_DHE_RSA_WITH_AES_128_CBC_SHA,DTLS : Yes,Recommended : No
52,TLS_DH_anon_WITH_AES_128_CBC_SHA,DTLS : Yes,Recommended : No
53,TLS_RSA_WITH_AES_256_CBC_SHA,DTLS : Yes,Recommended : No
54,TLS_DH_DSS_WITH_AES_256_CBC_SHA,DTLS : Yes,Recommended : No
55,TLS_DH_RSA_WITH_AES_256_CBC_SHA,DTLS : Yes,Recommended : No
56,TLS_DHE_DSS_WITH_AES_256_CBC_SHA,DTLS : Yes,Recommended : No
57,TLS_DHE_RSA_WITH_AES_256_CBC_SHA,DTLS : Yes,Recommended : No
58,TLS_DH_anon_WITH_AES_256_CBC_SHA,DTLS : Yes,Recommended : No
59,TLS_RSA_WITH_NULL_SHA256,DTLS : Yes,Recommended : No
60,TLS_RSA_WITH_AES_128_CBC_SHA256,DTLS : Yes,Recommended : No
61,TLS_RSA_WITH_AES_256_CBC_SHA256,DTLS : Yes,Recommended : No
62,TLS_DH_DSS_WITH_AES_128_CBC_SHA256,DTLS : Yes,Recommended : No
63,TLS_DH_RSA_WITH_AES_128_CBC_SHA256,DTLS : Yes,Recommended : No
64,TLS_DHE_DSS_WITH_AES_128_CBC_SHA256,DTLS : Yes,Recommended : No
65,TLS_RSA_WITH_CAMELLIA_128_CBC_SHA,DTLS : Yes,Recommended : No
66,TLS_DH_DSS_WITH_CAMELLIA_128_CBC_SHA,DTLS : Yes,Recommended : No
67,TLS_DH_RSA_WITH_CAMELLIA_128_CBC_SHA,DTLS : Yes,Recommended : No
68,TLS_DHE_DSS_WITH_CAMELLIA_128_CBC_SHA,DTLS : Yes,Recommended : No
69,TLS_DHE_RSA_WITH_CAMELLIA_128_CBC_SHA,DTLS : Yes,Recommended : No
70,TLS_DH_anon_WITH_CAMELLIA_128_CBC_SHA,DTLS : Yes,Recommended : No
103,TLS_DHE_RSA_WITH_AES_128_CBC_SHA256,DTLS : Yes,Recommended : No
104,TLS_DH_DSS_WITH_AES_256_CBC_SHA256,DTLS : Yes,Recommended : No
105,TLS_DH_RSA_WITH_AES_256_CBC_SHA256,DTLS : Yes,Recommended : No
106,TLS_DHE_DSS_WITH_AES_256_CBC_SHA256,DTLS : Yes,Recommended : No
107,TLS_DHE_RSA_WITH_AES_256_CBC_SHA256,DTLS : Yes,Recommended : No
108,TLS_DH_anon_WITH_AES_128_CBC_SHA256,DTLS : Yes,Recommended : No
109,TLS_DH_anon_WITH_AES_256_CBC_SHA256,DTLS : Yes,Recommended : No
132,TLS_RSA_WITH_CAMELLIA_256_CBC_SHA,DTLS : Yes,Recommended : No
133,TLS_DH_DSS_WITH_CAMELLIA_256_CBC_SHA,DTLS : Yes,Recommended : No
134,TLS_DH_RSA_WITH_CAMELLIA_256_CBC_SHA,DTLS : Yes,Recommended : No
135,TLS_DHE_DSS_WITH_CAMELLIA_256_CBC_SHA,DTLS : Yes,Recommended : No
136,TLS_DHE_RSA_WITH_CAMELLIA_256_CBC_SHA,DTLS : Yes,Recommended : No
137,TLS_DH_anon_WITH_CAMELLIA_256_CBC_SHA,DTLS : Yes,Recommended : No
138,TLS_PSK_WITH_RC4_128_SHA,DTLS : No,Recommended : No
139,TLS_PSK_WITH_3DES_EDE_CBC_SHA,DTLS : Yes,Recommended : No
140,TLS_PSK_WITH_AES_128_CBC_SHA,DTLS : Yes,Recommended : No
141,TLS_PSK_WITH_AES_256_CBC_SHA,DTLS : Yes,Recommended : No
142,TLS_DHE_PSK_WITH_RC4_128_SHA,DTLS : No,Recommended : No
143,TLS_DHE_PSK_WITH_3DES_EDE_CBC_SHA,DTLS : Yes,Recommended : No
144,TLS_DHE_PSK_WITH_AES_128_CBC_SHA,DTLS : Yes,Recommended : No
145,TLS_DHE_PSK_WITH_AES_256_CBC_SHA,DTLS : Yes,Recommended : No
146,TLS_RSA_PSK_WITH_RC4_128_SHA,DTLS : No,Recommended : No
147,TLS_RSA_PSK_WITH_3DES_EDE_CBC_SHA,DTLS : Yes,Recommended : No
148,TLS_RSA_PSK_WITH_AES_128_CBC_SHA,DTLS : Yes,Recommended : No
149,TLS_RSA_PSK_WITH_AES_256_CBC_SHA,DTLS : Yes,Recommended : No
150,TLS_RSA_WITH_SEED_CBC_SHA,DTLS : Yes,Recommended : No
151,TLS_DH_DSS_WITH_SEED_CBC_SHA,DTLS : Yes,Recommended : No
152,TLS_DH_RSA_WITH_SEED_CBC_SHA,DTLS : Yes,Recommended : No
153,TLS_DHE_DSS_WITH_SEED_CBC_SHA,DTLS : Yes,Recommended : No
154,TLS_DHE_RSA_WITH_SEED_CBC_SHA,DTLS : Yes,Recommended : No
155,TLS_DH_anon_WITH_SEED_CBC_SHA,DTLS : Yes,Recommended : No
156,TLS_RSA_WITH_AES_128_GCM_SHA256,DTLS : Yes,Recommended : No
157,TLS_RSA_WITH_AES_256_GCM_SHA384,DTLS : Yes,Recommended : No
158,TLS_DHE_RSA_WITH_AES_128_GCM_SHA256,DTLS : Yes,Recommended : Yes
159,TLS_DHE_RSA_WITH_AES_256_GCM_SHA384,DTLS : Yes,Recommended : Yes
160,TLS_DH_RSA_WITH_AES_128_GCM_SHA256,DTLS : Yes,Recommended : No
161,TLS_DH_RSA_WITH_AES_256_GCM_SHA384,DTLS : Yes,Recommended : No
162,TLS_DHE_DSS_WITH_AES_128_GCM_SHA256,DTLS : Yes,Recommended : No
163,TLS_DHE_DSS_WITH_AES_256_GCM_SHA384,DTLS : Yes,Recommended : No
164,TLS_DH_DSS_WITH_AES_128_GCM_SHA256,DTLS : Yes,Recommended : No
165,TLS_DH_DSS_WITH_AES_256_GCM_SHA384,DTLS : Yes,Recommended : No
166,TLS_DH_anon_WITH_AES_128_GCM_SHA256,DTLS : Yes,Recommended : No
167,TLS_DH_anon_WITH_AES_256_GCM_SHA384,DTLS : Yes,Recommended : No
168,TLS_PSK_WITH_AES_128_GCM_SHA256,DTLS : Yes,Recommended : No
169,TLS_PSK_WITH_AES_256_GCM_SHA384,DTLS : Yes,Recommended : No
170,TLS_DHE_PSK_WITH_AES_128_GCM_SHA256,DTLS : Yes,Recommended : Yes
171,TLS_DHE_PSK_WITH_AES_256_GCM_SHA384,DTLS : Yes,Recommended : Yes
172,TLS_RSA_PSK_WITH_AES_128_GCM_SHA256,DTLS : Yes,Recommended : No
173,TLS_RSA_PSK_WITH_AES_256_GCM_SHA384,DTLS : Yes,Recommended : No
174,TLS_PSK_WITH_AES_128_CBC_SHA256,DTLS : Yes,Recommended : No
175,TLS_PSK_WITH_AES_256_CBC_SHA384,DTLS : Yes,Recommended : No
176,TLS_PSK_WITH_NULL_SHA256,DTLS : Yes,Recommended : No
177,TLS_PSK_WITH_NULL_SHA384,DTLS : Yes,Recommended : No
178,TLS_DHE_PSK_WITH_AES_128_CBC_SHA256,DTLS : Yes,Recommended : No
179,TLS_DHE_PSK_WITH_AES_256_CBC_SHA384,DTLS : Yes,Recommended : No
180,TLS_DHE_PSK_WITH_NULL_SHA256,DTLS : Yes,Recommended : No
181,TLS_DHE_PSK_WITH_NULL_SHA384,DTLS : Yes,Recommended : No
182,TLS_RSA_PSK_WITH_AES_128_CBC_SHA256,DTLS : Yes,Recommended : No
183,TLS_RSA_PSK_WITH_AES_256_CBC_SHA384,DTLS : Yes,Recommended : No
184,TLS_RSA_PSK_WITH_NULL_SHA256,DTLS : Yes,Recommended : No
185,TLS_RSA_PSK_WITH_NULL_SHA384,DTLS : Yes,Recommended : No
186,TLS_RSA_WITH_CAMELLIA_128_CBC_SHA256,DTLS : Yes,Recommended : No
187,TLS_DH_DSS_WITH_CAMELLIA_128_CBC_SHA256,DTLS : Yes,Recommended : No
188,TLS_DH_RSA_WITH_CAMELLIA_128_CBC_SHA256,DTLS : Yes,Recommended : No
189,TLS_DHE_DSS_WITH_CAMELLIA_128_CBC_SHA256,DTLS : Yes,Recommended : No
190,TLS_DHE_RSA_WITH_CAMELLIA_128_CBC_SHA256,DTLS : Yes,Recommended : No
191,TLS_DH_anon_WITH_CAMELLIA_128_CBC_SHA256,DTLS : Yes,Recommended : No
192,TLS_RSA_WITH_CAMELLIA_256_CBC_SHA256,DTLS : Yes,Recommended : No
193,TLS_DH_DSS_WITH_CAMELLIA_256_CBC_SHA256,DTLS : Yes,Recommended : No
194,TLS_DH_RSA_WITH_CAMELLIA_256_CBC_SHA256,DTLS : Yes,Recommended : No
195,TLS_DHE_DSS_WITH_CAMELLIA_256_CBC_SHA256,DTLS : Yes,Recommended : No
196,TLS_DHE_RSA_WITH_CAMELLIA_256_CBC_SHA256,DTLS : Yes,Recommended : No
197,TLS_DH_anon_WITH_CAMELLIA_256_CBC_SHA256,DTLS : Yes,Recommended : No
198,TLS_SM4_GCM_SM3,DTLS : No,Recommended : No
199,TLS_SM4_CCM_SM3,DTLS : No,Recommended : No
255,TLS_EMPTY_RENEGOTIATION_INFO_SCSV,DTLS : Yes,Recommended : No
4865,TLS_AES_128_GCM_SHA256,DTLS : Yes,Recommended : Yes
4866,TLS_AES_256_GCM_SHA384,DTLS : Yes,Recommended : Yes
4867,TLS_CHACHA20_POLY1305_SHA256,DTLS : Yes,Recommended : Yes
4868,TLS_AES_128_CCM_SHA256,DTLS : Yes,Recommended : Yes
4869,TLS_AES_128_CCM_8_SHA256,DTLS : Yes,Recommended : No
22016,TLS_FALLBACK_SCSV,DTLS : Yes,Recommended : No
49153,TLS_ECDH_ECDSA_WITH_NULL_SHA,DTLS : Yes,Recommended : No
49154,TLS_ECDH_ECDSA_WITH_RC4_128_SHA,DTLS : No,Recommended : No
49155,TLS_ECDH_ECDSA_WITH_3DES_EDE_CBC_SHA,DTLS : Yes,Recommended : No
49156,TLS_ECDH_ECDSA_WITH_AES_128_CBC_SHA,DTLS : Yes,Recommended : No
49157,TLS_ECDH_ECDSA_WITH_AES_256_CBC_SHA,DTLS : Yes,Recommended : No
49158,TLS_ECDHE_ECDSA_WITH_NULL_SHA,DTLS : Yes,Recommended : No
49159,TLS_ECDHE_ECDSA_WITH_RC4_128_SHA,DTLS : No,Recommended : No
49160,TLS_ECDHE_ECDSA_WITH_3DES_EDE_CBC_SHA,DTLS : Yes,Recommended : No
49161,TLS_ECDHE_ECDSA_WITH_AES_128_CBC_SHA,DTLS : Yes,Recommended : No
49162,TLS_ECDHE_ECDSA_WITH_AES_256_CBC_SHA,DTLS : Yes,Recommended : No
49163,TLS_ECDH_RSA_WITH_NULL_SHA,DTLS : Yes,Recommended : No
49164,TLS_ECDH_RSA_WITH_RC4_128_SHA,DTLS : No,Recommended : No
49165,TLS_ECDH_RSA_WITH_3DES_EDE_CBC_SHA,DTLS : Yes,Recommended : No
49166,TLS_ECDH_RSA_WITH_AES_128_CBC_SHA,DTLS : Yes,Recommended : No
49167,TLS_ECDH_RSA_WITH_AES_256_CBC_SHA,DTLS : Yes,Recommended : No
49168,TLS_ECDHE_RSA_WITH_NULL_SHA,DTLS : Yes,Recommended : No
49169,TLS_ECDHE_RSA_WITH_RC4_128_SHA,DTLS : No,Recommended : No
49170,TLS_ECDHE_RSA_WITH_3DES_EDE_CBC_SHA,DTLS : Yes,Recommended : No
49171,TLS_ECDHE_RSA_WITH_AES_128_CBC_SHA,DTLS : Yes,Recommended : No
49172,TLS_ECDHE_RSA_WITH_AES_256_CBC_SHA,DTLS : Yes,Recommended : No
49173,TLS_ECDH_anon_WITH_NULL_SHA,DTLS : Yes,Recommended : No
49174,TLS_ECDH_anon_WITH_RC4_128_SHA,DTLS : No,Recommended : No
49175,TLS_ECDH_anon_WITH_3DES_EDE_CBC_SHA,DTLS : Yes,Recommended : No
49176,TLS_ECDH_anon_WITH_AES_128_CBC_SHA,DTLS : Yes,Recommended : No
49177,TLS_ECDH_anon_WITH_AES_256_CBC_SHA,DTLS : Yes,Recommended : No
49178,TLS_SRP_SHA_WITH_3DES_EDE_CBC_SHA,DTLS : Yes,Recommended : No
49179,TLS_SRP_SHA_RSA_WITH_3DES_EDE_CBC_SHA,DTLS : Yes,Recommended : No
49180,TLS_SRP_SHA_DSS_WITH_3DES_EDE_CBC_SHA,DTLS : Yes,Recommended : No
49181,TLS_SRP_SHA_WITH_AES_128_CBC_SHA,DTLS : Yes,Recommended : No
49182,TLS_SRP_SHA_RSA_WITH_AES_128_CBC_SHA,DTLS : Yes,Recommended : No
49183,TLS_SRP_SHA_DSS_WITH_AES_128_CBC_SHA,DTLS : Yes,Recommended : No
49184,TLS_SRP_SHA_WITH_AES_256_CBC_SHA,DTLS : Yes,Recommended : No
49185,TLS_SRP_SHA_RSA_WITH_AES_256_CBC_SHA,DTLS : Yes,Recommended : No
49186,TLS_SRP_SHA_DSS_WITH_AES_256_CBC_SHA,DTLS : Yes,Recommended : No
49187,TLS_ECDHE_ECDSA_WITH_AES_128_CBC_SHA256,DTLS : Yes,Recommended : No
49188,TLS_ECDHE_ECDSA_WITH_AES_256_CBC_SHA384,DTLS : Yes,Recommended : No
49189,TLS_ECDH_ECDSA_WITH_AES_128_CBC_SHA256,DTLS : Yes,Recommended : No
49190,TLS_ECDH_ECDSA_WITH_AES_256_CBC_SHA384,DTLS : Yes,Recommended : No
49191,TLS_ECDHE_RSA_WITH_AES_128_CBC_SHA256,DTLS : Yes,Recommended : No
49192,TLS_ECDHE_RSA_WITH_AES_256_CBC_SHA384,DTLS : Yes,Recommended : No
49193,TLS_ECDH_RSA_WITH_AES_128_CBC_SHA256,DTLS : Yes,Recommended : No
49194,TLS_ECDH_RSA_WITH_AES_256_CBC_SHA384,DTLS : Yes,Recommended : No
49195,TLS_ECDHE_ECDSA_WITH_AES_128_GCM_SHA256,DTLS : Yes,Recommended : Yes
49196,TLS_ECDHE_ECDSA_WITH_AES_256_GCM_SHA384,DTLS : Yes,Recommended : Yes
49197,TLS_ECDH_ECDSA_WITH_AES_128_GCM_SHA256,DTLS : Yes,Recommended : No
49198,TLS_ECDH_ECDSA_WITH_AES_256_GCM_SHA384,DTLS : Yes,Recommended : No
49199,TLS_ECDHE_RSA_WITH_AES_128_GCM_SHA256,DTLS : Yes,Recommended : Yes
49200,TLS_ECDHE_RSA_WITH_AES_256_GCM_SHA384,DTLS : Yes,Recommended : Yes
49201,TLS_ECDH_RSA_WITH_AES_128_GCM_SHA256,DTLS : Yes,Recommended : No
49202,TLS_ECDH_RSA_WITH_AES_256_GCM_SHA384,DTLS : Yes,Recommended : No
49203,TLS_ECDHE_PSK_WITH_RC4_128_SHA,DTLS : No,Recommended : No
49204,TLS_ECDHE_PSK_WITH_3DES_EDE_CBC_SHA,DTLS : Yes,Recommended : No
49205,TLS_ECDHE_PSK_WITH_AES_128_CBC_SHA,DTLS : Yes,Recommended : No
49206,TLS_ECDHE_PSK_WITH_AES_256_CBC_SHA,DTLS : Yes,Recommended : No
49207,TLS_ECDHE_PSK_WITH_AES_128_CBC_SHA256,DTLS : Yes,Recommended : No
49208,TLS_ECDHE_PSK_WITH_AES_256_CBC_SHA384,DTLS : Yes,Recommended : No
49209,TLS_ECDHE_PSK_WITH_NULL_SHA,DTLS : Yes,Recommended : No
49210,TLS_ECDHE_PSK_WITH_NULL_SHA256,DTLS : Yes,Recommended : No
49211,TLS_ECDHE_PSK_WITH_NULL_SHA384,DTLS : Yes,Recommended : No
49212,TLS_RSA_WITH_ARIA_128_CBC_SHA256,DTLS : Yes,Recommended : No
49213,TLS_RSA_WITH_ARIA_256_CBC_SHA384,DTLS : Yes,Recommended : No
49214,TLS_DH_DSS_WITH_ARIA_128_CBC_SHA256,DTLS : Yes,Recommended : No
49215,TLS_DH_DSS_WITH_ARIA_256_CBC_SHA384,DTLS : Yes,Recommended : No
49216,TLS_DH_RSA_WITH_ARIA_128_CBC_SHA256,DTLS : Yes,Recommended : No
49217,TLS_DH_RSA_WITH_ARIA_256_CBC_SHA384,DTLS : Yes,Recommended : No
49218,TLS_DHE_DSS_WITH_ARIA_128_CBC_SHA256,DTLS : Yes,Recommended : No
49219,TLS_DHE_DSS_WITH_ARIA_256_CBC_SHA384,DTLS : Yes,Recommended : No
49220,TLS_DHE_RSA_WITH_ARIA_128_CBC_SHA256,DTLS : Yes,Recommended : No
49221,TLS_DHE_RSA_WITH_ARIA_256_CBC_SHA384,DTLS : Yes,Recommended : No
49222,TLS_DH_anon_WITH_ARIA_128_CBC_SHA256,DTLS : Yes,Recommended : No
49223,TLS_DH_anon_WITH_ARIA_256_CBC_SHA384,DTLS : Yes,Recommended : No
49224,TLS_ECDHE_ECDSA_WITH_ARIA_128_CBC_SHA256,DTLS : Yes,Recommended : No
49225,TLS_ECDHE_ECDSA_WITH_ARIA_256_CBC_SHA384,DTLS : Yes,Recommended : No
49226,TLS_ECDH_ECDSA_WITH_ARIA_128_CBC_SHA256,DTLS : Yes,Recommended : No
49227,TLS_ECDH_ECDSA_WITH_ARIA_256_CBC_SHA384,DTLS : Yes,Recommended : No
49228,TLS_ECDHE_RSA_WITH_ARIA_128_CBC_SHA256,DTLS : Yes,Recommended : No
49229,TLS_ECDHE_RSA_WITH_ARIA_256_CBC_SHA384,DTLS : Yes,Recommended : No
49230,TLS_ECDH_RSA_WITH_ARIA_128_CBC_SHA256,DTLS : Yes,Recommended : No
49231,TLS_ECDH_RSA_WITH_ARIA_256_CBC_SHA384,DTLS : Yes,Recommended : No
49232,TLS_RSA_WITH_ARIA_128_GCM_SHA256,DTLS : Yes,Recommended : No
49233,TLS_RSA_WITH_ARIA_256_GCM_SHA384,DTLS : Yes,Recommended : No
49234,TLS_DHE_RSA_WITH_ARIA_128_GCM_SHA256,DTLS : Yes,Recommended : No
49235,TLS_DHE_RSA_WITH_ARIA_256_GCM_SHA384,DTLS : Yes,Recommended : No
49236,TLS_DH_RSA_WITH_ARIA_128_GCM_SHA256,DTLS : Yes,Recommended : No
49237,TLS_DH_RSA_WITH_ARIA_256_GCM_SHA384,DTLS : Yes,Recommended : No
49238,TLS_DHE_DSS_WITH_ARIA_128_GCM_SHA256,DTLS : Yes,Recommended : No
49239,TLS_DHE_DSS_WITH_ARIA_256_GCM_SHA384,DTLS : Yes,Recommended : No
49240,TLS_DH_DSS_WITH_ARIA_128_GCM_SHA256,DTLS : Yes,Recommended : No
49241,TLS_DH_DSS_WITH_ARIA_256_GCM_SHA384,DTLS : Yes,Recommended : No
49242,TLS_DH_anon_WITH_ARIA_128_GCM_SHA256,DTLS : Yes,Recommended : No
49243,TLS_DH_anon_WITH_ARIA_256_GCM_SHA384,DTLS : Yes,Recommended : No
49244,TLS_ECDHE_ECDSA_WITH_ARIA_128_GCM_SHA256,DTLS : Yes,Recommended : No
49245,TLS_ECDHE_ECDSA_WITH_ARIA_256_GCM_SHA384,DTLS : Yes,Recommended : No
49246,TLS_ECDH_ECDSA_WITH_ARIA_128_GCM_SHA256,DTLS : Yes,Recommended : No
49247,TLS_ECDH_ECDSA_WITH_ARIA_256_GCM_SHA384,DTLS : Yes,Recommended : No
49248,TLS_ECDHE_RSA_WITH_ARIA_128_GCM_SHA256,DTLS : Yes,Recommended : No
49249,TLS_ECDHE_RSA_WITH_ARIA_256_GCM_SHA384,DTLS : Yes,Recommended : No
49250,TLS_ECDH_RSA_WITH_ARIA_128_GCM_SHA256,DTLS : Yes,Recommended : No
49251,TLS_ECDH_RSA_WITH_ARIA_256_GCM_SHA384,DTLS : Yes,Recommended : No
49252,TLS_PSK_WITH_ARIA_128_CBC_SHA256,DTLS : Yes,Recommended : No
49253,TLS_PSK_WITH_ARIA_256_CBC_SHA384,DTLS : Yes,Recommended : No
49254,TLS_DHE_PSK_WITH_ARIA_128_CBC_SHA256,DTLS : Yes,Recommended : No
49255,TLS_DHE_PSK_WITH_ARIA_256_CBC_SHA384,DTLS : Yes,Recommended : No
49256,TLS_RSA_PSK_WITH_ARIA_128_CBC_SHA256,DTLS : Yes,Recommended : No
49257,TLS_RSA_PSK_WITH_ARIA_256_CBC_SHA384,DTLS : Yes,Recommended : No
49258,TLS_PSK_WITH_ARIA_128_GCM_SHA256,DTLS : Yes,Recommended : No
49259,TLS_PSK_WITH_ARIA_256_GCM_SHA384,DTLS : Yes,Recommended : No
49260,TLS_DHE_PSK_WITH_ARIA_128_GCM_SHA256,DTLS : Yes,Recommended : No
49261,TLS_DHE_PSK_WITH_ARIA_256_GCM_SHA384,DTLS : Yes,Recommended : No
49262,TLS_RSA_PSK_WITH_ARIA_128_GCM_SHA256,DTLS : Yes,Recommended : No
49263,TLS_RSA_PSK_WITH_ARIA_256_GCM_SHA384,DTLS : Yes,Recommended : No
49264,TLS_ECDHE_PSK_WITH_ARIA_128_CBC_SHA256,DTLS : Yes,Recommended : No
49265,TLS_ECDHE_PSK_WITH_ARIA_256_CBC_SHA384,DTLS : Yes,Recommended : No
49266,TLS_ECDHE_ECDSA_WITH_CAMELLIA_128_CBC_SHA256,DTLS : Yes,Recommended : No
49267,TLS_ECDHE_ECDSA_WITH_CAMELLIA_256_CBC_SHA384,DTLS : Yes,Recommended : No
49268,TLS_ECDH_ECDSA_WITH_CAMELLIA_128_CBC_SHA256,DTLS : Yes,Recommended : No
49269,TLS_ECDH_ECDSA_WITH_CAMELLIA_256_CBC_SHA384,DTLS : Yes,Recommended : No
49270,TLS_ECDHE_RSA_WITH_CAMELLIA_128_CBC_SHA256,DTLS : Yes,Recommended : No
49271,TLS_ECDHE_RSA_WITH_CAMELLIA_256_CBC_SHA384,DTLS : Yes,Recommended : No
49272,TLS_ECDH_RSA_WITH_CAMELLIA_128_CBC_SHA256,DTLS : Yes,Recommended : No
49273,TLS_ECDH_RSA_WITH_CAMELLIA_256_CBC_SHA384,DTLS : Yes,Recommended : No
49274,TLS_RSA_WITH_CAMELLIA_128_GCM_SHA256,DTLS : Yes,Recommended : No
49275,TLS_RSA_WITH_CAMELLIA_256_GCM_SHA384,DTLS : Yes,Recommended : No
49276,TLS_DHE_RSA_WITH_CAMELLIA_128_GCM_SHA256,DTLS : Yes,Recommended : No
49277,TLS_DHE_RSA_WITH_CAMELLIA_256_GCM_SHA384,DTLS : Yes,Recommended : No
49278,TLS_DH_RSA_WITH_CAMELLIA_128_GCM_SHA256,DTLS : Yes,Recommended : No
49279,TLS_DH_RSA_WITH_CAMELLIA_256_GCM_SHA384,DTLS : Yes,Recommended : No
49280,TLS_DHE_DSS_WITH_CAMELLIA_128_GCM_SHA256,DTLS : Yes,Recommended : No
49281,TLS_DHE_DSS_WITH_CAMELLIA_256_GCM_SHA384,DTLS : Yes,Recommended : No
49282,TLS_DH_DSS_WITH_CAMELLIA_128_GCM_SHA256,DTLS : Yes,Recommended : No
49283,TLS_DH_DSS_WITH_CAMELLIA_256_GCM_SHA384,DTLS : Yes,Recommended : No
49284,TLS_DH_anon_WITH_CAMELLIA_128_GCM_SHA256,DTLS : Yes,Recommended : No
49285,TLS_DH_anon_WITH_CAMELLIA_256_GCM_SHA384,DTLS : Yes,Recommended : No
49286,TLS_ECDHE_ECDSA_WITH_CAMELLIA_128_GCM_SHA256,DTLS : Yes,Recommended : No
49287,TLS_ECDHE_ECDSA_WITH_CAMELLIA_256_GCM_SHA384,DTLS : Yes,Recommended : No
49288,TLS_ECDH_ECDSA_WITH_CAMELLIA_128_GCM_SHA256,DTLS : Yes,Recommended : No
49289,TLS_ECDH_ECDSA_WITH_CAMELLIA_256_GCM_SHA384,DTLS : Yes,Recommended : No
49290,TLS_ECDHE_RSA_WITH_CAMELLIA_128_GCM_SHA256,DTLS : Yes,Recommended : No
49291,TLS_ECDHE_RSA_WITH_CAMELLIA_256_GCM_SHA384,DTLS : Yes,Recommended : No
49292,TLS_ECDH_RSA_WITH_CAMELLIA_128_GCM_SHA256,DTLS : Yes,Recommended : No
49293,TLS_ECDH_RSA_WITH_CAMELLIA_256_GCM_SHA384,DTLS : Yes,Recommended : No
49294,TLS_PSK_WITH_CAMELLIA_128_GCM_SHA256,DTLS : Yes,Recommended : No
49295,TLS_PSK_WITH_CAMELLIA_256_GCM_SHA384,DTLS : Yes,Recommended : No
49296,TLS_DHE_PSK_WITH_CAMELLIA_128_GCM_SHA256,DTLS : Yes,Recommended : No
49297,TLS_DHE_PSK_WITH_CAMELLIA_256_GCM_SHA384,DTLS : Yes,Recommended : No
49298,TLS_RSA_PSK_WITH_CAMELLIA_128_GCM_SHA256,DTLS : Yes,Recommended : No
49299,TLS_RSA_PSK_WITH_CAMELLIA_256_GCM_SHA384,DTLS : Yes,Recommended : No
49300,TLS_PSK_WITH_CAMELLIA_128_CBC_SHA256,DTLS : Yes,Recommended : No
49301,TLS_PSK_WITH_CAMELLIA_256_CBC_SHA384,DTLS : Yes,Recommended : No
49302,TLS_DHE_PSK_WITH_CAMELLIA_128_CBC_SHA256,DTLS : Yes,Recommended : No
49303,TLS_DHE_PSK_WITH_CAMELLIA_256_CBC_SHA384,DTLS : Yes,Recommended : No
49304,TLS_RSA_PSK_WITH_CAMELLIA_128_CBC_SHA256,DTLS : Yes,Recommended : No
49305,TLS_RSA_PSK_WITH_CAMELLIA_256_CBC_SHA384,DTLS : Yes,Recommended : No
49306,TLS_ECDHE_PSK_WITH_CAMELLIA_128_CBC_SHA256,DTLS : Yes,Recommended : No
49307,TLS_ECDHE_PSK_WITH_CAMELLIA_256_CBC_SHA384,DTLS : Yes,Recommended : No
49308,TLS_RSA_WITH_AES_128_CCM,DTLS : Yes,Recommended : No
49309,TLS_RSA_WITH_AES_256_CCM,DTLS : Yes,Recommended : No
49310,TLS_DHE_RSA_WITH_AES_128_CCM,DTLS : Yes,Recommended : Yes
49311,TLS_DHE_RSA_WITH_AES_256_CCM,DTLS : Yes,Recommended : Yes
49312,TLS_RSA_WITH_AES_128_CCM_8,DTLS : Yes,Recommended : No
49313,TLS_RSA_WITH_AES_256_CCM_8,DTLS : Yes,Recommended : No
49314,TLS_DHE_RSA_WITH_AES_128_CCM_8,DTLS : Yes,Recommended : No
49315,TLS_DHE_RSA_WITH_AES_256_CCM_8,DTLS : No,Recommended : No
49316,TLS_PSK_WITH_AES_128_CCM,DTLS : Yes,Recommended : No
49317,TLS_PSK_WITH_AES_256_CCM,DTLS : Yes,Recommended : No
49318,TLS_DHE_PSK_WITH_AES_128_CCM,DTLS : Yes,Recommended : Yes
49319,TLS_DHE_PSK_WITH_AES_256_CCM,DTLS : Yes,Recommended : Yes
49320,TLS_PSK_WITH_AES_128_CCM_8,DTLS : Yes,Recommended : No
49321,TLS_PSK_WITH_AES_256_CCM_8,DTLS : Yes,Recommended : No
49322,TLS_PSK_DHE_WITH_AES_128_CCM_8,DTLS : Yes,Recommended : No
49323,TLS_PSK_DHE_WITH_AES_256_CCM_8,DTLS : Yes,Recommended : No
49324,TLS_ECDHE_ECDSA_WITH_AES_128_CCM,DTLS : Yes,Recommended : No
49325,TLS_ECDHE_ECDSA_WITH_AES_256_CCM,DTLS : Yes,Recommended : No
49326,TLS_ECDHE_ECDSA_WITH_AES_128_CCM_8,DTLS : Yes,Recommended : No
49327,TLS_ECDHE_ECDSA_WITH_AES_256_CCM_8,DTLS : Yes,Recommended : No
49328,TLS_ECCPWD_WITH_AES_128_GCM_SHA256,DTLS : Yes,Recommended : No
49329,TLS_ECCPWD_WITH_AES_256_GCM_SHA384,DTLS : Yes,Recommended : No
49330,TLS_ECCPWD_WITH_AES_128_CCM_SHA256,DTLS : Yes,Recommended : No
49331,TLS_ECCPWD_WITH_AES_256_CCM_SHA384,DTLS : Yes,Recommended : No
49332,TLS_SHA256_SHA256,DTLS : Yes,Recommended : No
49333,TLS_SHA384_SHA384,DTLS : Yes,Recommended : No
49408,TLS_GOSTR341112_256_WITH_KUZNYECHIK_CTR_OMAC,DTLS : No,Recommended : No
49409,TLS_GOSTR341112_256_WITH_MAGMA_CTR_OMAC,DTLS : No,Recommended : No
49410,TLS_GOSTR341112_256_WITH_28147_CNT_IMIT,DTLS : No,Recommended : No
49411,TLS_GOSTR341112_256_WITH_KUZNYECHIK_MGM_L,DTLS : No,Recommended : No
49412,TLS_GOSTR341112_256_WITH_MAGMA_MGM_L,DTLS : No,Recommended : No
49413,TLS_GOSTR341112_256_WITH_KUZNYECHIK_MGM_S,DTLS : No,Recommended : No
49414,TLS_GOSTR341112_256_WITH_MAGMA_MGM_S,DTLS : No,Recommended : No
52392,TLS_ECDHE_RSA_WITH_CHACHA20_POLY1305_SHA256,DTLS : Yes,Recommended : Yes
52393,TLS_ECDHE_ECDSA_WITH_CHACHA20_POLY1305_SHA256,DTLS : Yes,Recommended : Yes
52394,TLS_DHE_RSA_WITH_CHACHA20_POLY1305_SHA256,DTLS : Yes,Recommended : Yes
52395,TLS_PSK_WITH_CHACHA20_POLY1305_SHA256,DTLS : Yes,Recommended : No
52396,TLS_ECDHE_PSK_WITH_CHACHA20_POLY1305_SHA256,DTLS : Yes,Recommended : Yes
52397,TLS_DHE_PSK_WITH_CHACHA20_POLY1305_SHA256,DTLS : Yes,Recommended : Yes
52398,TLS_RSA_PSK_WITH_CHACHA20_POLY1305_SHA256,DTLS : Yes,Recommended : No
53249,TLS_ECDHE_PSK_WITH_AES_128_GCM_SHA256,DTLS : Yes,Recommended : Yes
53250,TLS_ECDHE_PSK_WITH_AES_256_GCM_SHA384,DTLS : Yes,Recommended : Yes
53251,TLS_ECDHE_PSK_WITH_AES_128_CCM_8_SHA256,DTLS : Yes,Recommended : No
53253,TLS_ECDHE_PSK_WITH_AES_128_CCM_SHA256,DTLS : Yes,Recommended : Yes
